synonym,category_code,category_name
牛奶,01.0,乳及乳制品(13.0特殊膳食用食品涉及品种除外)
酸奶,01.0,乳及乳制品(13.0特殊膳食用食品涉及品种除外)
奶粉,01.0,乳及乳制品(13.0特殊膳食用食品涉及品种除外)
奶油,01.0,乳及乳制品(13.0特殊膳食用食品涉及品种除外)
鲜牛奶,01.01,巴氏杀菌乳、灭菌乳、高温杀菌乳和调制乳
纯牛奶,01.01,巴氏杀菌乳、灭菌乳、高温杀菌乳和调制乳
灭菌奶,01.01,巴氏杀菌乳、灭菌乳、高温杀菌乳和调制乳
调制乳饮料,01.01,巴氏杀菌乳、灭菌乳、高温杀菌乳和调制乳
巴氏奶,01.01.01,巴氏杀菌乳
鲜奶,01.01.01,巴氏杀菌乳
冷藏牛奶,01.01.01,巴氏杀菌乳
常温奶,01.01.02,灭菌乳和高温杀菌乳
纯牛奶,01.01.02,灭菌乳和高温杀菌乳
高温灭菌奶,01.01.02,灭菌乳和高温杀菌乳
调制乳,01.01.03,调制乳
高钙奶,01.01.03,调制乳
早餐奶,01.01.03,调制乳
酸奶,01.02,发酵乳和风味发酵乳
发酵乳,01.02,发酵乳和风味发酵乳
风味酸奶,01.02,发酵乳和风味发酵乳
酸牛奶,01.02,发酵乳和风味发酵乳
原味酸奶,01.02.01,发酵乳
无糖酸奶,01.02.01,发酵乳
发酵乳,01.02.01,发酵乳
果味酸奶,01.02.02,风味发酵乳
风味酸牛奶,01.02.02,风味发酵乳
草莓酸奶,01.02.02,风味发酵乳
奶粉,01.03,乳粉和奶油粉及其调制产品
婴儿奶粉,01.03,乳粉和奶油粉及其调制产品
全脂奶粉,01.03,乳粉和奶油粉及其调制产品
配方奶粉,01.03,乳粉和奶油粉及其调制产品
奶粉,01.03.01,乳粉和奶油粉
奶油粉,01.03.01,乳粉和奶油粉
全脂乳粉,01.03.01,乳粉和奶油粉
脱脂奶粉,01.03.01,乳粉和奶油粉
调制奶粉,01.03.02,调制乳粉和调制奶油粉
儿童成长奶粉,01.03.02,调制乳粉和调制奶油粉
孕妇奶粉,01.03.02,调制乳粉和调制奶油粉
营养强化奶粉,01.03.02,调制乳粉和调制奶油粉
炼乳,01.04,炼乳及其调制产品
甜炼乳,01.04,炼乳及其调制产品
调味炼乳,01.04,炼乳及其调制产品
咖啡炼乳,01.04,炼乳及其调制产品
原味炼乳,01.04.01,淡炼乳(原味)
无糖炼乳,01.04.01,淡炼乳(原味)
淡奶,01.04.01,淡炼乳(原味)
蒸发乳,01.04.01,淡炼乳(原味)
加糖炼乳,01.04.02,调制炼乳(包括加糖炼乳及使用了非乳原料的调制炼乳等)
风味炼乳,01.04.02,调制炼乳(包括加糖炼乳及使用了非乳原料的调制炼乳等)
巧克力炼乳,01.04.02,调制炼乳(包括加糖炼乳及使用了非乳原料的调制炼乳等)
草莓炼乳,01.04.02,调制炼乳(包括加糖炼乳及使用了非乳原料的调制炼乳等)
淡奶油,01.05,稀奶油(淡奶油)及其类似品
鲜奶油,01.05,稀奶油(淡奶油)及其类似品
动物奶油,01.05,稀奶油(淡奶油)及其类似品
稀奶油,01.05,稀奶油(淡奶油)及其类似品
稀奶油,01.05.01,稀奶油
淡奶油,01.05.01,稀奶油
搅打稀奶油,01.05.01,稀奶油
生奶油,01.05.01,稀奶油
调制稀奶油,01.05.03,调制稀奶油
风味奶油,01.05.03,调制稀奶油
香草奶油,01.05.03,调制稀奶油
咖啡奶油,01.05.03,调制稀奶油
植物奶油,01.05.04,稀奶油类似品
人造稀奶油,01.05.04,稀奶油类似品
非乳稀奶油,01.05.04,稀奶油类似品
奶油替代品,01.05.04,稀奶油类似品
奶酪,01.06,干酪、再制干酪、干酪制品及干酪类似品
芝士,01.06,干酪、再制干酪、干酪制品及干酪类似品
再制奶酪,01.06,干酪、再制干酪、干酪制品及干酪类似品
干酪制品,01.06,干酪、再制干酪、干酪制品及干酪类似品
非熟化奶酪,01.06.01,非熟化干酪
新鲜奶酪,01.06.01,非熟化干酪
马苏里拉干酪,01.06.01,非熟化干酪
 cottage cheese ,01.06.01,非熟化干酪
成熟奶酪,01.06.02,熟化干酪
陈年奶酪,01.06.02,熟化干酪
切达奶酪,01.06.02,熟化干酪
帕尔玛干酪,01.06.02,熟化干酪
乳清奶酪,01.06.03,乳清干酪
里科塔奶酪,01.06.03,乳清干酪
ricotta cheese,01.06.03,乳清干酪
烘焙用白奶酪,01.06.03,乳清干酪
再制奶酪,01.06.04,再制干酪及干酪制品
加工奶酪,01.06.04,再制干酪及干酪制品
芝士片,01.06.04,再制干酪及干酪制品
cheese spread,01.06.04,再制干酪及干酪制品
普通再制奶酪,01.06.04.01,普通再制干酪
原味芝士片,01.06.04.01,普通再制干酪
车打芝士片,01.06.04.01,普通再制干酪
切片奶酪,01.06.04.01,普通再制干酪
调味再制奶酪,01.06.04.02,调味再制干酪
风味芝士片,01.06.04.02,调味再制干酪
蓝纹味奶酪,01.06.04.02,调味再制干酪
蒜香奶酪 spreads,01.06.04.02,调味再制干酪
奶酪类似品,01.06.05,干酪类似品
植物基奶酪,01.06.05,干酪类似品
素奶酪,01.06.05,干酪类似品
 vegan cheese ,01.06.05,干酪类似品
乳清蛋白奶酪,01.06.06,乳清蛋白干酪
高蛋白干酪,01.06.06,乳清蛋白干酪
健身奶酪,01.06.06,乳清蛋白干酪
whey cheese,01.06.06,乳清蛋白干酪
即食乳制品零食,01.07,以乳为主要配料的即食风味食品或其预制产品(不包括冰淇淋和风味发酵乳)
酸奶冻,01.07,以乳为主要配料的即食风味食品或其预制产品(不包括冰淇淋和风味发酵乳)
乳基布丁,01.07,以乳为主要配料的即食风味食品或其预制产品(不包括冰淇淋和风味发酵乳)
牛奶甜点预制料,01.07,以乳为主要配料的即食风味食品或其预制产品(不包括冰淇淋和风味发酵乳)
乳清粉,01.08,其他乳制品(如乳清粉、酪蛋白粉等)
酪蛋白粉,01.08,其他乳制品(如乳清粉、酪蛋白粉等)
乳蛋白粉,01.08,其他乳制品(如乳清粉、酪蛋白粉等)
奶粉辅料,01.08,其他乳制品(如乳清粉、酪蛋白粉等)
食用油,02.0,"脂肪,油和乳化脂肪制品"
烹饪油,02.0,"脂肪,油和乳化脂肪制品"
人造奶油,02.0,"脂肪,油和乳化脂肪制品"
起酥油,02.0,"脂肪,油和乳化脂肪制品"
精炼油,02.01,基本不含水的脂肪和油
无水油,02.01,基本不含水的脂肪和油
高温油,02.01,基本不含水的脂肪和油
煎炸油,02.01,基本不含水的脂肪和油
大豆油,02.01.01,植物油脂
菜籽油,02.01.01,植物油脂
花生油,02.01.01,植物油脂
植物黄油,02.01.01,植物油脂
色拉油,02.01.01.01,植物油
调和油,02.01.01.01,植物油
炒菜油,02.01.01.01,植物油
家用植物油,02.01.01.01,植物油
氢化棕榈油,02.01.01.02,氢化植物油
植脂末原料,02.01.01.02,氢化植物油
代可可脂,02.01.01.02,氢化植物油
人造奶油基料,02.01.01.02,氢化植物油
猪油,02.01.02,动物油脂(包括猪油、牛油、鱼油和其他动物脂肪等)
牛油,02.01.02,动物油脂(包括猪油、牛油、鱼油和其他动物脂肪等)
鱼油,02.01.02,动物油脂(包括猪油、牛油、鱼油和其他动物脂肪等)
动物脂肪,02.01.02,动物油脂(包括猪油、牛油、鱼油和其他动物脂肪等)
无水奶油,02.01.03,"无水黄油,无水乳脂"
澄清黄油,02.01.03,"无水黄油,无水乳脂"
ghee,02.01.03,"无水黄油,无水乳脂"
烘焙用乳脂,02.01.03,"无水黄油,无水乳脂"
乳化油,02.02,水油状脂肪乳化制品
水包油脂肪,02.02,水油状脂肪乳化制品
调味酱油脂,02.02,水油状脂肪乳化制品
沙拉酱基料,02.02,水油状脂肪乳化制品
高含量黄油,02.02.01,脂肪含量80%以上的乳化制品
浓缩乳化油,02.02.01,脂肪含量80%以上的乳化制品
涂抹脂,02.02.01,脂肪含量80%以上的乳化制品
烘焙起酥油,02.02.01,脂肪含量80%以上的乳化制品
黄油,02.02.01.01,黄油和浓缩黄油
牛油,02.02.01.01,黄油和浓缩黄油
奶油块,02.02.01.01,黄油和浓缩黄油
黄油砖,02.02.01.01,黄油和浓缩黄油
人造奶油,02.02.01.02,人造黄油(人造奶油)及其类似制品(如黄油和人造黄油混合品)
植物黄油,02.02.01.02,人造黄油(人造奶油)及其类似制品(如黄油和人造黄油混合品)
麦淇淋,02.02.01.02,人造黄油(人造奶油)及其类似制品(如黄油和人造黄油混合品)
黄油混合品,02.02.01.02,人造黄油(人造奶油)及其类似制品(如黄油和人造黄油混合品)
低脂黄油,02.02.02,脂肪含量80%以下的乳化制品
轻盈奶油,02.02.02,脂肪含量80%以下的乳化制品
减脂涂抹酱,02.02.02,脂肪含量80%以下的乳化制品
低脂乳化脂肪,02.02.02,脂肪含量80%以下的乳化制品
调味奶油,02.03,"02.02类以外的脂肪乳化制品,包括混合的和(或)调味的脂肪乳化制品"
混合脂肪酱,02.03,"02.02类以外的脂肪乳化制品,包括混合的和(或)调味的脂肪乳化制品"
风味涂抹脂,02.03,"02.02类以外的脂肪乳化制品,包括混合的和(或)调味的脂肪乳化制品"
餐桌用乳化脂,02.03,"02.02类以外的脂肪乳化制品,包括混合的和(或)调味的脂肪乳化制品"
奶油甜点,02.04,脂肪类甜品
夹心蛋糕脂,02.04,脂肪类甜品
甜品用脂,02.04,脂肪类甜品
裱花奶油基料,02.04,脂肪类甜品
食用油脂,02.05,其他油脂或油脂制品
烹调油,02.05,其他油脂或油脂制品
起酥油,02.05,其他油脂或油脂制品
氢化植物油,02.05,其他油脂或油脂制品
冷冻甜品,03.0,冷冻饮品
冰品,03.0,冷冻饮品
冰冻饮品,03.0,冷冻饮品
冷饮,03.0,冷冻饮品
冰淇淋,03.01,冰淇淋、雪糕类
雪糕,03.01,冰淇淋、雪糕类
冰棒,03.01,冰淇淋、雪糕类
奶味冰棍,03.01,冰淇淋、雪糕类
风味冰,03.03,风味冰、冰棍类
冰棍,03.03,风味冰、冰棍类
果汁冰,03.03,风味冰、冰棍类
棒冰,03.03,风味冰、冰棍类
食用冰,03.04,食用冰
冰块,03.04,食用冰
制冰用水,03.04,食用冰
纯净冰,03.04,食用冰
冰棒,03.05,其他冷冻饮品
雪糕,03.05,其他冷冻饮品
冰淇淋,03.05,其他冷冻饮品
冷冻果汁,03.05,其他冷冻饮品
果蔬,04.0,水果、蔬菜(包括块根类)、豆类、食用菌、藻类、坚果以及籽类等
生鲜蔬果,04.0,水果、蔬菜(包括块根类)、豆类、食用菌、藻类、坚果以及籽类等
食用菌菇,04.0,水果、蔬菜(包括块根类)、豆类、食用菌、藻类、坚果以及籽类等
坚果干果,04.0,水果、蔬菜(包括块根类)、豆类、食用菌、藻类、坚果以及籽类等
鲜果,04.01,水果
水果类,04.01,水果
时令水果,04.01,水果
水果拼盘,04.01,水果
新鲜水果,04.01.01,新鲜水果
整颗水果,04.01.01,新鲜水果
未切水果,04.01.01,新鲜水果
市售鲜果,04.01.01,新鲜水果
原生态水果,04.01.01.01,未经加工的鲜水果
未处理水果,04.01.01.01,未经加工的鲜水果
带皮水果,04.01.01.01,未经加工的鲜水果
农家鲜果,04.01.01.01,未经加工的鲜水果
打蜡水果,04.01.01.02,经表面处理的鲜水果
保鲜处理水果,04.01.01.02,经表面处理的鲜水果
防腐水果,04.01.01.02,经表面处理的鲜水果
超市水果,04.01.01.02,经表面处理的鲜水果
切块水果,04.01.01.03,去皮或预切的鲜水果
即食水果,04.01.01.03,去皮或预切的鲜水果
水果盒,04.01.01.03,去皮或预切的鲜水果
鲜切果,04.01.01.03,去皮或预切的鲜水果
加工水果,04.01.02,加工水果
包装水果,04.01.02,加工水果
水果零食,04.01.02,加工水果
商用果品,04.01.02,加工水果
冻水果,04.01.02.01,冷冻水果
速冻果粒,04.01.02.01,冷冻水果
冷冻莓果,04.01.02.01,冷冻水果
冰冻水果块,04.01.02.01,冷冻水果
果干,04.01.02.02,水果干类
脱水水果,04.01.02.02,水果干类
葡萄干,04.01.02.02,水果干类
芒果干,04.01.02.02,水果干类
醋渍水果,04.01.02.03,醋、油或盐渍水果
油渍水果,04.01.02.03,醋、油或盐渍水果
盐渍水果,04.01.02.03,醋、油或盐渍水果
酸辣水果,04.01.02.03,醋、油或盐渍水果
水果罐头,04.01.02.04,水果罐头
糖水水果,04.01.02.04,水果罐头
罐装水果,04.01.02.04,水果罐头
水果羹,04.01.02.04,水果罐头
果酱,04.01.02.05,果酱
草莓酱,04.01.02.05,果酱
蓝莓酱,04.01.02.05,果酱
苹果酱,04.01.02.05,果酱
果泥,04.01.02.06,果泥
婴儿果泥,04.01.02.06,果泥
纯果泥,04.01.02.06,果泥
水果泥,04.01.02.06,果泥
印度酸辣酱,04.01.02.07,除04.01.02.05以外的果酱(如印度酸辣酱)
Chutney,04.01.02.07,除04.01.02.05以外的果酱(如印度酸辣酱)
番茄酸辣酱,04.01.02.07,除04.01.02.05以外的果酱(如印度酸辣酱)
水果酸辣酱,04.01.02.07,除04.01.02.05以外的果酱(如印度酸辣酱)
蜜饯,04.01.02.08,蜜饯
果脯,04.01.02.08,蜜饯
凉果,04.01.02.08,蜜饯
话梅,04.01.02.08,蜜饯
蜜饯,04.01.02.08.01,蜜饯类、凉果类
凉果,04.01.02.08.01,蜜饯类、凉果类
话梅,04.01.02.08.01,蜜饯类、凉果类
陈皮丹,04.01.02.08.01,蜜饯类、凉果类
果脯,04.01.02.08.03,果脯类
杏脯,04.01.02.08.03,果脯类
桃脯,04.01.02.08.03,果脯类
葡萄干,04.01.02.08.03,果脯类
话化类,04.01.02.08.04,话化类
话梅,04.01.02.08.04,话化类
甘草榄,04.01.02.08.04,话化类
化核梅,04.01.02.08.04,话化类
果丹皮,04.01.02.08.05,果糕类
山楂糕,04.01.02.08.05,果糕类
果脯,04.01.02.08.05,果糕类
果冻,04.01.02.08.05,果糕类
水果雕刻,04.01.02.09,装饰性果蔬
装饰水果拼盘,04.01.02.09,装饰性果蔬
节日果艺,04.01.02.09,装饰性果蔬
摆盘水果,04.01.02.09,装饰性果蔬
水果捞,04.01.02.10,"水果甜品,包括果味液体甜品"
杨枝甘露,04.01.02.10,"水果甜品,包括果味液体甜品"
果味酸奶饮品,04.01.02.10,"水果甜品,包括果味液体甜品"
水果布丁,04.01.02.10,"水果甜品,包括果味液体甜品"
发酵果酱,04.01.02.11,发酵的水果制品
酵素,04.01.02.11,发酵的水果制品
果酒,04.01.02.11,发酵的水果制品
泡菜水果,04.01.02.11,发酵的水果制品
拔丝水果,04.01.02.12,煮熟的或油炸的水果
炸香蕉,04.01.02.12,煮熟的或油炸的水果
烤苹果片,04.01.02.12,煮熟的或油炸的水果
蜜饯,04.01.02.13,其他加工水果
糖渍水果,04.01.02.13,其他加工水果
水果干,04.01.02.13,其他加工水果
水果罐头,04.01.02.13,其他加工水果
蔬菜制品,04.02,蔬菜
即食蔬菜,04.02,蔬菜
蔬菜沙拉,04.02,蔬菜
腌制蔬菜,04.02,蔬菜
新鲜时蔬,04.02.01,新鲜蔬菜
生菜,04.02.01,新鲜蔬菜
青菜,04.02.01,新鲜蔬菜
菜心,04.02.01,新鲜蔬菜
原生态蔬菜,04.02.01.01,未经加工鲜蔬菜
未处理蔬菜,04.02.01.01,未经加工鲜蔬菜
农家鲜菜,04.02.01.01,未经加工鲜蔬菜
带泥蔬菜,04.02.01.01,未经加工鲜蔬菜
保鲜蔬菜,04.02.01.02,经表面处理的新鲜蔬菜
蜡涂蔬菜,04.02.01.02,经表面处理的新鲜蔬菜
超市包装菜,04.02.01.02,经表面处理的新鲜蔬菜
净菜,04.02.01.02,经表面处理的新鲜蔬菜
切块蔬菜,04.02.01.03,去皮、切块或切丝的蔬菜
切丝蔬菜,04.02.01.03,去皮、切块或切丝的蔬菜
即食净菜,04.02.01.03,去皮、切块或切丝的蔬菜
鲜切蔬菜,04.02.01.03,去皮、切块或切丝的蔬菜
豆芽,04.02.01.04,芽菜类
绿豆芽,04.02.01.04,芽菜类
黄豆芽,04.02.01.04,芽菜类
芽苗菜,04.02.01.04,芽菜类
加工蔬菜,04.02.02,加工蔬菜
调理蔬菜,04.02.02,加工蔬菜
速食蔬菜,04.02.02,加工蔬菜
预制蔬菜,04.02.02,加工蔬菜
冷冻青菜,04.02.02.01,冷冻蔬菜
冷冻混合蔬菜,04.02.02.01,冷冻蔬菜
冻玉米粒,04.02.02.01,冷冻蔬菜
速冻蔬菜丁,04.02.02.01,冷冻蔬菜
干菜,04.02.02.02,干制蔬菜
脱水蔬菜,04.02.02.02,干制蔬菜
干香菇,04.02.02.02,干制蔬菜
蔬菜干,04.02.02.02,干制蔬菜
泡菜,04.02.02.03,腌渍的蔬菜
酱菜,04.02.02.03,腌渍的蔬菜
咸菜,04.02.02.03,腌渍的蔬菜
腌菜,04.02.02.03,腌渍的蔬菜
罐头蔬菜,04.02.02.04,蔬菜罐头
玉米罐头,04.02.02.04,蔬菜罐头
青豆罐头,04.02.02.04,蔬菜罐头
什锦蔬菜罐头,04.02.02.04,蔬菜罐头
南瓜泥,04.02.02.05,"蔬菜泥(酱),番茄沙司除外"
胡萝卜泥,04.02.02.05,"蔬菜泥(酱),番茄沙司除外"
蔬菜酱,04.02.02.05,"蔬菜泥(酱),番茄沙司除外"
婴儿蔬菜泥,04.02.02.05,"蔬菜泥(酱),番茄沙司除外"
酸菜,04.02.02.06,发酵蔬菜制品
发酵泡菜,04.02.02.06,发酵蔬菜制品
韩式泡菜,04.02.02.06,发酵蔬菜制品
乳酸菌蔬菜,04.02.02.06,发酵蔬菜制品
油炸茄子,04.02.02.07,经水煮或油炸的蔬菜
炸藕片,04.02.02.07,经水煮或油炸的蔬菜
水煮笋,04.02.02.07,经水煮或油炸的蔬菜
即食煮菜,04.02.02.07,经水煮或油炸的蔬菜
泡菜,04.02.02.08,其他加工蔬菜
酱腌菜,04.02.02.08,其他加工蔬菜
凉拌菜,04.02.02.08,其他加工蔬菜
食用菌,04.03,食用菌和藻类
藻类,04.03,食用菌和藻类
蘑菇海带制品,04.03,食用菌和藻类
新鲜蘑菇,04.03.01,新鲜食用菌和藻类
鲜海带,04.03.01,新鲜食用菌和藻类
生鲜菌藻,04.03.01,新鲜食用菌和藻类
鲜香菇,04.03.01.01,未经加工鲜食用菌和藻类
生紫菜,04.03.01.01,未经加工鲜食用菌和藻类
未处理蘑菇,04.03.01.01,未经加工鲜食用菌和藻类
保鲜蘑菇,04.03.01.02,经表面处理的鲜食用菌和藻类
护色海带,04.03.01.02,经表面处理的鲜食用菌和藻类
表面杀菌鲜菌,04.03.01.02,经表面处理的鲜食用菌和藻类
切片香菇,04.03.01.03,去皮、切块或切丝的食用菌和藻类
丝状木耳,04.03.01.03,去皮、切块或切丝的食用菌和藻类
去皮杏鲍菇,04.03.01.03,去皮、切块或切丝的食用菌和藻类
冻干蘑菇,04.03.02,加工食用菌和藻类
即食海带,04.03.02,加工食用菌和藻类
调味菌菇,04.03.02,加工食用菌和藻类
冷冻金针菇,04.03.02.01,冷冻食用菌和藻类
速冻杏鲍菇,04.03.02.01,冷冻食用菌和藻类
冰鲜裙带菜,04.03.02.01,冷冻食用菌和藻类
干香菇,04.03.02.02,干制食用菌和藻类
紫菜干,04.03.02.02,干制食用菌和藻类
脱水木耳,04.03.02.02,干制食用菌和藻类
盐渍海带,04.03.02.03,腌渍的食用菌和藻类
泡发银耳,04.03.02.03,腌渍的食用菌和藻类
酸辣菌菇,04.03.02.03,腌渍的食用菌和藻类
蘑菇罐头,04.03.02.04,食用菌和藻类罐头
海带罐头,04.03.02.04,食用菌和藻类罐头
即食藻类罐头,04.03.02.04,食用菌和藻类罐头
水煮海带,04.03.02.05,经水煮或油炸的藻类
油炸紫菜,04.03.02.05,经水煮或油炸的藻类
即食海藻丝,04.03.02.05,经水煮或油炸的藻类
辣味菇,04.03.02.06,其他加工食用菌和藻类
泡椒凤爪风味菌,04.03.02.06,其他加工食用菌和藻类
香酥脆藻片,04.03.02.06,其他加工食用菌和藻类
豆制品,04.04,豆类制品
大豆食品,04.04,豆类制品
素肉原料,04.04,豆类制品
豆腐皮,04.04.01,非发酵豆制品
豆浆,04.04.01,非发酵豆制品
豆花,04.04.01,非发酵豆制品
北豆腐,04.04.01.01,豆腐类
南豆腐,04.04.01.01,豆腐类
内酯豆腐,04.04.01.01,豆腐类
白豆干,04.04.01.02,豆干类
五香豆干,04.04.01.02,豆干类
烤麸,04.04.01.02,豆干类
香干,04.04.01.03,豆干再制品
素鸡,04.04.01.03,豆干再制品
豆卷,04.04.01.03,豆干再制品
炸豆腐泡,04.04.01.03.01,炸制豆干
炸豆干,04.04.01.03.01,炸制豆干
金黄脆豆干,04.04.01.03.01,炸制豆干
卤豆干,04.04.01.03.02,卤制豆干
酱香豆干,04.04.01.03.02,卤制豆干
五香熏干,04.04.01.03.02,卤制豆干
熏豆干,04.04.01.03.03,熏制豆干
五香熏干,04.04.01.03.03,熏制豆干
烟熏豆干,04.04.01.03.03,熏制豆干
白豆干,04.04.01.03.04,其他豆干
豆腐干,04.04.01.03.04,其他豆干
五香豆干,04.04.01.03.04,其他豆干
油炸豆干,04.04.01.03.04,其他豆干
腐竹,04.04.01.04,腐竹类(包括腐竹、油皮等)
油皮,04.04.01.04,腐竹类(包括腐竹、油皮等)
豆腐皮,04.04.01.04,腐竹类(包括腐竹、油皮等)
枝竹,04.04.01.04,腐竹类(包括腐竹、油皮等)
大豆蛋白制品,04.04.01.05,新型豆制品(大豆蛋白及其膨化食品、大豆素肉等)
素肉,04.04.01.05,新型豆制品(大豆蛋白及其膨化食品、大豆素肉等)
植物肉,04.04.01.05,新型豆制品(大豆蛋白及其膨化食品、大豆素肉等)
膨化豆制品,04.04.01.05,新型豆制品(大豆蛋白及其膨化食品、大豆素肉等)
熟黄豆,04.04.01.06,熟制豆类
五香豆,04.04.01.06,熟制豆类
煮豆子,04.04.01.06,熟制豆类
即食豆类,04.04.01.06,熟制豆类
发酵豆品,04.04.02,发酵豆制品
霉豆腐,04.04.02,发酵豆制品
纳豆,04.04.02,发酵豆制品
豆乳发酵品,04.04.02,发酵豆制品
腐乳,04.04.02.01,腐乳类
豆腐乳,04.04.02.01,腐乳类
南乳,04.04.02.01,腐乳类
红方,04.04.02.01,腐乳类
豆豉,04.04.02.02,豆豉及其制品(包括纳豆)
淡豆豉,04.04.02.02,豆豉及其制品(包括纳豆)
纳豆,04.04.02.02,豆豉及其制品(包括纳豆)
日本纳豆,04.04.02.02,豆豉及其制品(包括纳豆)
豆花,04.04.03,其他豆制品
豆腐脑,04.04.03,其他豆制品
冻豆腐,04.04.03,其他豆制品
千张,04.04.03,其他豆制品
坚果,04.05,坚果和籽类
瓜子,04.05,坚果和籽类
核桃,04.05,坚果和籽类
花生,04.05,坚果和籽类
生坚果,04.05.01,新鲜坚果与籽类
原味坚果,04.05.01,新鲜坚果与籽类
新鲜瓜子,04.05.01,新鲜坚果与籽类
带壳坚果,04.05.01,新鲜坚果与籽类
加工坚果,04.05.02,加工坚果与籽类
风味坚果,04.05.02,加工坚果与籽类
五香瓜子,04.05.02,加工坚果与籽类
盐焗杏仁,04.05.02,加工坚果与籽类
炒货,04.05.02.01,熟制坚果与籽类
熟坚果,04.05.02.01,熟制坚果与籽类
烤南瓜子,04.05.02.01,熟制坚果与籽类
香酥花生,04.05.02.01,熟制坚果与籽类
带壳炒货,04.05.02.01.01,带壳熟制坚果与籽类
铁核桃,04.05.02.01.01,带壳熟制坚果与籽类
椒盐核桃,04.05.02.01.01,带壳熟制坚果与籽类
烤栗子,04.05.02.01.01,带壳熟制坚果与籽类
去壳熟坚果,04.05.02.01.02,脱壳熟制坚果与籽类
开口松子,04.05.02.01.02,脱壳熟制坚果与籽类
手剥葵花籽,04.05.02.01.02,脱壳熟制坚果与籽类
香脆腰果,04.05.02.01.02,脱壳熟制坚果与籽类
坚果罐头,04.05.02.03,坚果与籽类罐头
混合坚果罐头,04.05.02.03,坚果与籽类罐头
即食果仁罐头,04.05.02.03,坚果与籽类罐头
什锦坚果罐头,04.05.02.03,坚果与籽类罐头
花生酱,04.05.02.04,"坚果与籽类的泥(酱),包括花生酱等"
杏仁酱,04.05.02.04,"坚果与籽类的泥(酱),包括花生酱等"
坚果酱,04.05.02.04,"坚果与籽类的泥(酱),包括花生酱等"
芝麻酱,04.05.02.04,"坚果与籽类的泥(酱),包括花生酱等"
腌渍坚果,04.05.02.05,其他加工的坚果与籽类(如腌渍的果仁)
蜜汁果仁,04.05.02.05,其他加工的坚果与籽类(如腌渍的果仁)
糖霜腰果,04.05.02.05,其他加工的坚果与籽类(如腌渍的果仁)
话梅花生,04.05.02.05,其他加工的坚果与籽类(如腌渍的果仁)
巧克力,05.0,可可制品、巧克力和巧克力制品(包括代可可脂巧克力及制品)以及糖果
可可粉,05.0,可可制品、巧克力和巧克力制品(包括代可可脂巧克力及制品)以及糖果
糖果,05.0,可可制品、巧克力和巧克力制品(包括代可可脂巧克力及制品)以及糖果
代可可脂巧克力,05.0,可可制品、巧克力和巧克力制品(包括代可可脂巧克力及制品)以及糖果
巧克力,05.01,"可可制品、巧克力和巧克力制品,包括代可可脂巧克力及制品"
可可粉,05.01,"可可制品、巧克力和巧克力制品,包括代可可脂巧克力及制品"
巧克力酱,05.01,"可可制品、巧克力和巧克力制品,包括代可可脂巧克力及制品"
代可可脂巧克力,05.01,"可可制品、巧克力和巧克力制品,包括代可可脂巧克力及制品"
可可粉,05.01.01,可可制品(包括以可可为主要原料的脂、粉、浆、酱、馅等)
可可脂,05.01.01,可可制品(包括以可可为主要原料的脂、粉、浆、酱、馅等)
巧克力浆,05.01.01,可可制品(包括以可可为主要原料的脂、粉、浆、酱、馅等)
可可酱,05.01.01,可可制品(包括以可可为主要原料的脂、粉、浆、酱、馅等)
黑巧克力,05.01.02,巧克力和巧克力制品、除05.01.01以外的可可制品
牛奶巧克力,05.01.02,巧克力和巧克力制品、除05.01.01以外的可可制品
巧克力排块,05.01.02,巧克力和巧克力制品、除05.01.01以外的可可制品
巧克力糖果,05.01.02,巧克力和巧克力制品、除05.01.01以外的可可制品
代可可脂巧克力,05.01.03,代可可脂巧克力及其制品
植物脂巧克力,05.01.03,代可可脂巧克力及其制品
廉价巧克力,05.01.03,代可可脂巧克力及其制品
巧克力味制品,05.01.03,代可可脂巧克力及其制品
硬糖,05.02,糖果
软糖,05.02,糖果
水果糖,05.02,糖果
奶糖,05.02,糖果
口香糖,05.02.01,胶基糖果
泡泡糖,05.02.01,胶基糖果
胶基糖,05.02.01,胶基糖果
咀嚼糖,05.02.01,胶基糖果
棒棒糖,05.02.02,除胶基糖果以外的其他糖果
软糖,05.02.02,除胶基糖果以外的其他糖果
果汁软糖,05.02.02,除胶基糖果以外的其他糖果
奶糖,05.02.02,除胶基糖果以外的其他糖果
巧克力包衣,05.03,糖果和巧克力制品包衣
糖果涂层,05.03,糖果和巧克力制品包衣
巧克力外衣,05.03,糖果和巧克力制品包衣
夹心巧克力外壳,05.03,糖果和巧克力制品包衣
翻糖装饰,05.04,"装饰糖果(如工艺造型,或用于蛋糕装饰)、顶饰(非水果材料)和甜汁"
蛋糕裱花,05.04,"装饰糖果(如工艺造型,或用于蛋糕装饰)、顶饰(非水果材料)和甜汁"
甜点淋酱,05.04,"装饰糖果(如工艺造型,或用于蛋糕装饰)、顶饰(非水果材料)和甜汁"
工艺糖果,05.04,"装饰糖果(如工艺造型,或用于蛋糕装饰)、顶饰(非水果材料)和甜汁"
大米,06.0,"粮食和粮食制品,包括大米、面粉、杂粮、块根植物、豆类和玉米提取的淀粉等(不包括07.0类焙烤制品)"
面粉,06.0,"粮食和粮食制品,包括大米、面粉、杂粮、块根植物、豆类和玉米提取的淀粉等(不包括07.0类焙烤制品)"
玉米淀粉,06.0,"粮食和粮食制品,包括大米、面粉、杂粮、块根植物、豆类和玉米提取的淀粉等(不包括07.0类焙烤制品)"
绿豆,06.0,"粮食和粮食制品,包括大米、面粉、杂粮、块根植物、豆类和玉米提取的淀粉等(不包括07.0类焙烤制品)"
原粮,06.01,原粮
毛粮,06.01,原粮
未加工粮食,06.01,原粮
谷物原粮,06.01,原粮
大米,06.02,大米及其制品
白米,06.02,大米及其制品
稻米,06.02,大米及其制品
精米,06.02,大米及其制品
大米,06.02.01,大米
白米,06.02.01,大米
粳米,06.02.01,大米
籼米,06.02.01,大米
米制品,06.02.02,大米制品
即食米饭,06.02.02,大米制品
米糕,06.02.02,大米制品
米饼,06.02.02,大米制品
米粉,06.02.03,米粉(包括汤圆粉等)
汤圆粉,06.02.03,米粉(包括汤圆粉等)
糯米粉,06.02.03,米粉(包括汤圆粉等)
粘米粉,06.02.03,米粉(包括汤圆粉等)
米粉制品,06.02.04,米粉制品
米线,06.02.04,米粉制品
肠粉,06.02.04,米粉制品
米皮,06.02.04,米粉制品
小麦粉制品,06.03,小麦粉及其制品
面粉食品,06.03,小麦粉及其制品
面食,06.03,小麦粉及其制品
麦粉制品,06.03,小麦粉及其制品
小麦粉,06.03.01,小麦粉
面粉,06.03.01,小麦粉
普通面粉,06.03.01,小麦粉
中筋面粉,06.03.01,小麦粉
通用面粉,06.03.01.01,通用小麦粉
中筋面粉,06.03.01.01,通用小麦粉
家用面粉,06.03.01.01,通用小麦粉
普通小麦粉,06.03.01.01,通用小麦粉
专用面粉,06.03.01.02,专用小麦粉(如自发粉、饺子粉等)
自发粉,06.03.01.02,专用小麦粉(如自发粉、饺子粉等)
饺子粉,06.03.01.02,专用小麦粉(如自发粉、饺子粉等)
高筋面粉,06.03.01.02,专用小麦粉(如自发粉、饺子粉等)
小麦粉食品,06.03.02,小麦粉制品
面粉制品,06.03.02,小麦粉制品
面食,06.03.02,小麦粉制品
面条类,06.03.02,小麦粉制品
湿面条,06.03.02.01,生湿面制品(如面条、饺子皮、馄饨皮、烧麦皮)
饺子皮,06.03.02.01,生湿面制品(如面条、饺子皮、馄饨皮、烧麦皮)
馄饨皮,06.03.02.01,生湿面制品(如面条、饺子皮、馄饨皮、烧麦皮)
烧麦皮,06.03.02.01,生湿面制品(如面条、饺子皮、馄饨皮、烧麦皮)
挂面,06.03.02.02,生干面制品
干面条,06.03.02.02,生干面制品
龙须面,06.03.02.02,生干面制品
手擀面（干）,06.03.02.02,生干面制品
馒头,06.03.02.03,发酵面制品
包子,06.03.02.03,发酵面制品
花卷,06.03.02.03,发酵面制品
发面饼,06.03.02.03,发酵面制品
油条,06.03.02.05,油炸面制品
方便面,06.03.02.05,油炸面制品
炸酱面（油炸类）,06.03.02.05,油炸面制品
干脆面,06.03.02.05,油炸面制品
面筋,06.03.02.06,其他小麦粉制品(如面筋等)
烤麸,06.03.02.06,其他小麦粉制品(如面筋等)
水面筋,06.03.02.06,其他小麦粉制品(如面筋等)
油面筋,06.03.02.06,其他小麦粉制品(如面筋等)
杂粮食品,06.04,杂粮粉及其制品
粗粮制品,06.04,杂粮粉及其制品
五谷杂粮,06.04,杂粮粉及其制品
杂粮面点,06.04,杂粮粉及其制品
玉米粉,06.04.01,杂粮粉
小米粉,06.04.01,杂粮粉
荞麦粉,06.04.01,杂粮粉
高粱粉,06.04.01,杂粮粉
玉米饼,06.04.02,杂粮制品
窝窝头,06.04.02,杂粮制品
杂粮馒头,06.04.02,杂粮制品
荞麦面,06.04.02,杂粮制品
杂粮粥罐头,06.04.02.01,杂粮罐头
八宝粥罐头,06.04.02.01,杂粮罐头
即食杂粮罐头,06.04.02.01,杂粮罐头
杂粮饭,06.04.02.02,其他杂粮制品
五谷杂粮饼,06.04.02.02,其他杂粮制品
杂粮糕点,06.04.02.02,其他杂粮制品
淀粉食品,06.05,淀粉及淀粉类制品
淀粉类小吃,06.05,淀粉及淀粉类制品
淀粉加工品,06.05,淀粉及淀粉类制品
玉米淀粉,06.05.01,食用淀粉
土豆淀粉,06.05.01,食用淀粉
生粉,06.05.01,食用淀粉
粉丝类食品,06.05.02,淀粉制品
淀粉做的零食,06.05.02,淀粉制品
凉粉类制品,06.05.02,淀粉制品
绿豆粉丝,06.05.02.01,粉丝、粉条
红薯粉条,06.05.02.01,粉丝、粉条
龙口粉丝,06.05.02.01,粉丝、粉条
虾味脆片,06.05.02.02,虾味片
虾味条,06.05.02.02,虾味片
膨化虾片,06.05.02.02,虾味片
速溶藕粉,06.05.02.03,藕粉
冲泡藕粉,06.05.02.03,藕粉
莲藕粉,06.05.02.03,藕粉
珍珠粉圆,06.05.02.04,粉圆
波霸,06.05.02.04,粉圆
奶茶珍珠,06.05.02.04,粉圆
凉粉,06.05.02.05,其他淀粉制品(如凉粉等)
白凉粉,06.05.02.05,其他淀粉制品(如凉粉等)
魔芋粉,06.05.02.05,其他淀粉制品(如凉粉等)
即食燕麦片,06.06,"即食谷物,包括碾轧燕麦(片)"
速食麦片,06.06,"即食谷物,包括碾轧燕麦(片)"
早餐谷物,06.06,"即食谷物,包括碾轧燕麦(片)"
方便面,06.07,方便米面制品
速食米粉,06.07,方便米面制品
方便米线,06.07,方便米面制品
自热米饭,06.07,方便米面制品
速冻水饺,06.08,冷冻米面制品
冷冻包子,06.08,冷冻米面制品
手抓饼,06.08,冷冻米面制品
汤圆,06.08,冷冻米面制品
米布丁,06.09,谷类和淀粉类甜品(如米布丁、木薯布丁)
木薯布丁,06.09,谷类和淀粉类甜品(如米布丁、木薯布丁)
芋圆甜品,06.09,谷类和淀粉类甜品(如米布丁、木薯布丁)
糯米糍,06.09,谷类和淀粉类甜品(如米布丁、木薯布丁)
豆沙馅,06.10,粮食制品馅料
莲蓉馅,06.10,粮食制品馅料
月饼馅料,06.10,粮食制品馅料
包子馅,06.10,粮食制品馅料
炸鸡裹粉,06.11,面糊(如用于鱼和禽肉的拖面糊)、裹粉、煎炸粉
天妇罗粉,06.11,面糊(如用于鱼和禽肉的拖面糊)、裹粉、煎炸粉
煎炸粉,06.11,面糊(如用于鱼和禽肉的拖面糊)、裹粉、煎炸粉
面包糠,06.11,面糊(如用于鱼和禽肉的拖面糊)、裹粉、煎炸粉
米纸,06.12,其他粮食制品
河粉,06.12,其他粮食制品
粉丝,06.12,其他粮食制品
米线,06.12,其他粮食制品
蛋糕,07.0,焙烤食品
饼干,07.0,焙烤食品
面包,07.0,焙烤食品
派,07.0,焙烤食品
吐司,07.01,面包
餐包,07.01,面包
法棍,07.01,面包
全麦面包,07.01,面包
蛋挞,07.02,糕点
月饼,07.02,糕点
老婆饼,07.02,糕点
绿豆糕,07.02,糕点
中式点心,07.02.01,中式糕点(月饼除外)
老婆饼,07.02.01,中式糕点(月饼除外)
绿豆糕,07.02.01,中式糕点(月饼除外)
红豆糕,07.02.01,中式糕点(月饼除外)
西点,07.02.02,西式糕点
奶油蛋糕,07.02.02,西式糕点
葡式蛋挞,07.02.02,西式糕点
戚风蛋糕,07.02.02,西式糕点
月饼,07.02.03,月饼
广式月饼,07.02.03,月饼
莲蓉月饼,07.02.03,月饼
冰皮月饼,07.02.03,月饼
糕点装饰糖霜,07.02.04,糕点上彩装
食用彩装,07.02.04,糕点上彩装
翻糖装饰,07.02.04,糕点上彩装
蛋糕裱花,07.02.04,糕点上彩装
饼干,07.03,饼干
苏打饼干,07.03,饼干
奶油饼干,07.03,饼干
动物饼干,07.03,饼干
夹心饼干,07.03.01,夹心及装饰类饼干
奥利奥,07.03.01,夹心及装饰类饼干
巧克力夹心饼,07.03.01,夹心及装饰类饼干
奶油夹心饼干,07.03.01,夹心及装饰类饼干
威化饼,07.03.02,威化饼干
巧克力威化,07.03.02,威化饼干
蛋酥卷,07.03.02,威化饼干
脆皮威化,07.03.02,威化饼干
蛋卷,07.03.03,蛋卷
鸡蛋卷,07.03.03,蛋卷
奶油蛋卷,07.03.03,蛋卷
芝麻蛋卷,07.03.03,蛋卷
小饼干,07.03.04,其他饼干
米果,07.03.04,其他饼干
锅巴,07.03.04,其他饼干
脆饼,07.03.04,其他饼干
馅料,07.04,焙烤食品馅料及表面用挂浆
豆沙馅,07.04,焙烤食品馅料及表面用挂浆
莲蓉馅,07.04,焙烤食品馅料及表面用挂浆
奶黄馅,07.04,焙烤食品馅料及表面用挂浆
蛋糕,07.05,其他焙烤食品
饼干,07.05,其他焙烤食品
面包,07.05,其他焙烤食品
蛋挞,07.05,其他焙烤食品
熟肉,08.0,肉及肉制品
腊肠,08.0,肉及肉制品
火腿,08.0,肉及肉制品
卤味,08.0,肉及肉制品
生鲜猪肉,08.01,生、鲜肉
新鲜牛肉,08.01,生、鲜肉
生鸡肉,08.01,生、鲜肉
生鲜肉片,08.01.01,生鲜肉
冷鲜肉,08.01.01,生鲜肉
超市鲜肉,08.01.01,生鲜肉
冰鲜猪肉,08.01.02,冷却肉、冰鲜肉
冷藏鸡肉,08.01.02,冷却肉、冰鲜肉
保鲜牛肉,08.01.02,冷却肉、冰鲜肉
冷冻肉块,08.01.03,冻肉
冻鸡翅,08.01.03,冻肉
速冻牛肉,08.01.03,冻肉
预制菜肉品,08.02,预制肉制品
速食肉制品,08.02,预制肉制品
即食肉丸,08.02,预制肉制品
腌制牛排,08.02.01,调理肉制品(生肉添加调理料)
调味猪排,08.02.01,调理肉制品(生肉添加调理料)
黑椒鸡翅,08.02.01,调理肉制品(生肉添加调理料)
咸肉,08.02.02,腌腊肉制品类(如咸肉、腊肉、板鸭、中式火腿、腊肠)
腊肉,08.02.02,腌腊肉制品类(如咸肉、腊肉、板鸭、中式火腿、腊肠)
板鸭,08.02.02,腌腊肉制品类(如咸肉、腊肉、板鸭、中式火腿、腊肠)
中式火腿,08.02.02,腌腊肉制品类(如咸肉、腊肉、板鸭、中式火腿、腊肠)
牛肉丸,08.02.03,肉丸类
鱼丸,08.02.03,肉丸类
贡丸,08.02.03,肉丸类
猪肉丸,08.02.03,肉丸类
预制肉串,08.02.04,其他预制肉制品
即食牛排,08.02.04,其他预制肉制品
调理鸡块,08.02.04,其他预制肉制品
卤肉,08.03,熟肉制品
酱牛肉,08.03,熟肉制品
叉烧,08.03,熟肉制品
熟食肉类,08.03,熟肉制品
卤味,08.03.01,酱卤肉制品类
酱肉,08.03.01,酱卤肉制品类
五香肉,08.03.01,酱卤肉制品类
白切肉,08.03.01.01,白煮肉类
白斩鸡,08.03.01.01,白煮肉类
酱牛肉,08.03.01.02,酱卤肉类
红烧肉,08.03.01.02,酱卤肉类
卤猪蹄,08.03.01.02,酱卤肉类
糟鸡,08.03.01.03,糟肉类
糟门腔,08.03.01.03,糟肉类
酒糟肉,08.03.01.03,糟肉类
烤鸭,08.03.02,熏、烧、烤肉类(熏肉、叉烧肉、烤鸭、肉脯等)
叉烧肉,08.03.02,熏、烧、烤肉类(熏肉、叉烧肉、烤鸭、肉脯等)
肉脯,08.03.02,熏、烧、烤肉类(熏肉、叉烧肉、烤鸭、肉脯等)
熏鸡,08.03.02,熏、烧、烤肉类(熏肉、叉烧肉、烤鸭、肉脯等)
炸鸡块,08.03.03,油炸肉类
香酥排骨,08.03.03,油炸肉类
油炸里脊,08.03.03,油炸肉类
烟熏火腿,08.03.04,西式火腿(熏烤、烟熏、蒸煮火腿)类
西式烤肉,08.03.04,西式火腿(熏烤、烟熏、蒸煮火腿)类
蒸煮火腿,08.03.04,西式火腿(熏烤、烟熏、蒸煮火腿)类
香肠,08.03.05,肉灌肠类
腊肠,08.03.05,肉灌肠类
红肠,08.03.05,肉灌肠类
灌肠,08.03.05,肉灌肠类
发酵香肠,08.03.06,发酵肉制品类
萨拉米,08.03.06,发酵肉制品类
风干肠,08.03.06,发酵肉制品类
肉脯,08.03.07,熟肉干制品
肉干,08.03.07,熟肉干制品
牛肉干,08.03.07,熟肉干制品
猪肉干,08.03.07,熟肉干制品
肉松,08.03.07.01,肉松类
猪肉松,08.03.07.01,肉松类
牛肉松,08.03.07.01,肉松类
儿童肉松,08.03.07.01,肉松类
肉干,08.03.07.02,肉干类
牛肉干,08.03.07.02,肉干类
猪肉干,08.03.07.02,肉干类
香辣肉片,08.03.07.02,肉干类
午餐肉罐头,08.03.08,肉罐头类
豆豉鲮鱼罐头,08.03.08,肉罐头类
红烧肉罐头,08.03.08,肉罐头类
卤肉,08.03.09,其他熟肉制品
酱鸭,08.03.09,其他熟肉制品
叉烧,08.03.09,其他熟肉制品
盐水鸭,08.03.09,其他熟肉制品
肠衣,08.04,肉制品的可食用动物肠衣类
香肠皮,08.04,肉制品的可食用动物肠衣类
可食用肠衣,08.04,肉制品的可食用动物肠衣类
天然肠衣,08.04,肉制品的可食用动物肠衣类
海鲜制品,09.0,水产及其制品(包括鱼类、甲壳类、贝类、软体类、棘皮类等水产及其加工制品等)
水产干货,09.0,水产及其制品(包括鱼类、甲壳类、贝类、软体类、棘皮类等水产及其加工制品等)
鱼糜制品,09.0,水产及其制品(包括鱼类、甲壳类、贝类、软体类、棘皮类等水产及其加工制品等)
即食海带,09.0,水产及其制品(包括鱼类、甲壳类、贝类、软体类、棘皮类等水产及其加工制品等)
活鱼,09.01,鲜水产
鲜虾,09.01,鲜水产
生蚝,09.01,鲜水产
新鲜贝类,09.01,鲜水产
冷冻鱼片,09.02,冷冻水产品及其制品
冷冻虾仁,09.02,冷冻水产品及其制品
速冻海鲜,09.02,冷冻水产品及其制品
冷冻带鱼,09.02.01,冷冻水产品
冷冻鱿鱼圈,09.02.01,冷冻水产品
冰鲜海产品,09.02.01,冷冻水产品
裹粉鱼排,09.02.02,冷冻挂浆制品
炸 shrimp 粒,09.02.02,冷冻挂浆制品
挂浆鱼块,09.02.02,冷冻挂浆制品
鱼丸,09.02.03,冷冻水产糜及其制品(包括冷冻丸类产品等)
蟹棒,09.02.03,冷冻水产糜及其制品(包括冷冻丸类产品等)
龙虾球,09.02.03,冷冻水产糜及其制品(包括冷冻丸类产品等)
冷冻鱼豆腐,09.02.03,冷冻水产糜及其制品(包括冷冻丸类产品等)
即食海蜇,09.03,预制水产品(半成品)
预制鱼片,09.03,预制水产品(半成品)
调理海鲜半成品,09.03,预制水产品(半成品)
醋渍海蜇头,09.03.01,醋渍或肉冻状水产品
凉拌海蜇皮,09.03.01,醋渍或肉冻状水产品
水晶虾冻,09.03.01,醋渍或肉冻状水产品
咸鱼,09.03.02,腌制水产品
腌渍三文鱼,09.03.02,腌制水产品
糟鳗鱼,09.03.02,腌制水产品
鲟鱼子酱,09.03.03,鱼子制品
飞鱼籽,09.03.03,鱼子制品
红鱼卵,09.03.03,鱼子制品
风干小黄鱼,09.03.04,风干、烘干、压干等水产品
烤鱼片,09.03.04,风干、烘干、压干等水产品
脱水鱿鱼丝,09.03.04,风干、烘干、压干等水产品
鱼肉水饺皮,09.03.05,其他预制水产品(如鱼肉饺皮)
龙凤饼,09.03.05,其他预制水产品(如鱼肉饺皮)
鱼蓉制品,09.03.05,其他预制水产品(如鱼肉饺皮)
即食熟海鲜,09.04,熟制水产品(可直接食用)
熟制海味,09.04,熟制水产品(可直接食用)
开袋即食水产品,09.04,熟制水产品(可直接食用)
即食鱼干,09.04,熟制水产品(可直接食用)
熟干鱼,09.04.01,熟干水产品
风味鱼干,09.04.01,熟干水产品
即食鱿鱼干,09.04.01,熟干水产品
香辣虾皮,09.04.01,熟干水产品
油炸小黄鱼,09.04.02,经烹调或油炸的水产品
香酥带鱼,09.04.02,经烹调或油炸的水产品
烹调鱼块,09.04.02,经烹调或油炸的水产品
炸虾,09.04.02,经烹调或油炸的水产品
熏鱼,09.04.03,熏、烤水产品
烤鳗鱼,09.04.03,熏、烤水产品
烟熏三文鱼,09.04.03,熏、烤水产品
烤鱿鱼,09.04.03,熏、烤水产品
鱼肉香肠,09.04.05,鱼肉灌肠类
鱼肠,09.04.05,鱼肉灌肠类
风味鱼肠,09.04.05,鱼肉灌肠类
即食鱼肉肠,09.04.05,鱼肉灌肠类
鱼罐头,09.05,水产品罐头
蟹肉罐头,09.05,水产品罐头
金枪鱼罐头,09.05,水产品罐头
水产风味罐头,09.05,水产品罐头
鱼松,09.06,其他水产品及其制品
鱼豆腐,09.06,其他水产品及其制品
鱼丸,09.06,其他水产品及其制品
蟹棒,09.06,其他水产品及其制品
鸡蛋干,10.0,蛋及蛋制品
卤蛋,10.0,蛋及蛋制品
蛋粉,10.0,蛋及蛋制品
咸鸭蛋,10.0,蛋及蛋制品
鲜鸡蛋,10.01,鲜蛋
土鸡蛋,10.01,鲜蛋
草鸡蛋,10.01,鲜蛋
新鲜鸭蛋,10.01,鲜蛋
再制蛋,10.02,再制蛋(不改变物理性状)
加工蛋,10.02,再制蛋(不改变物理性状)
腌制蛋,10.02,再制蛋(不改变物理性状)
卤蛋,10.02.01,卤蛋
茶叶蛋,10.02.01,卤蛋
五香蛋,10.02.01,卤蛋
糟蛋,10.02.02,糟蛋
酒糟蛋,10.02.02,糟蛋
醉蛋,10.02.02,糟蛋
皮蛋,10.02.03,皮蛋
松花蛋,10.02.03,皮蛋
变蛋,10.02.03,皮蛋
咸蛋,10.02.04,咸蛋
咸鸭蛋,10.02.04,咸蛋
腌蛋,10.02.04,咸蛋
再制蛋,10.02.05,其他再制蛋
其他加工蛋,10.02.05,其他再制蛋
风味蛋,10.02.05,其他再制蛋
蛋制品,10.03,蛋制品(改变其物理性状)
加工蛋品,10.03,蛋制品(改变其物理性状)
工业用蛋品,10.03,蛋制品(改变其物理性状)
蛋白粉,10.03.01,脱水蛋制品(如蛋白粉、蛋黄粉、蛋白片)
蛋黄粉,10.03.01,脱水蛋制品(如蛋白粉、蛋黄粉、蛋白片)
鸡蛋粉,10.03.01,脱水蛋制品(如蛋白粉、蛋黄粉、蛋白片)
皮蛋肠,10.03.02,热凝固蛋制品(如蛋黄酪、皮蛋肠)
蛋黄酪,10.03.02,热凝固蛋制品(如蛋黄酪、皮蛋肠)
凝固蛋制品,10.03.02,热凝固蛋制品(如蛋黄酪、皮蛋肠)
液态蛋,10.03.03,蛋液与液态蛋
全蛋液,10.03.03,蛋液与液态蛋
冷冻蛋液,10.03.03,蛋液与液态蛋
即食蛋,10.04,其他蛋制品
蛋液制品,10.04,其他蛋制品
卤蛋,10.04,其他蛋制品
蛋干,10.04,其他蛋制品
甜味剂,11.0,"甜味料,包括蜂蜜"
代糖,11.0,"甜味料,包括蜂蜜"
食用甜味料,11.0,"甜味料,包括蜂蜜"
餐桌糖,11.0,"甜味料,包括蜂蜜"
白糖,11.01,食糖
砂糖,11.01,食糖
红糖块,11.01,食糖
冰糖,11.01,食糖
白砂糖,11.01.01,白砂糖及白砂糖制品、绵白糖、红糖、冰片糖
绵白糖,11.01.01,白砂糖及白砂糖制品、绵白糖、红糖、冰片糖
红糖,11.01.01,白砂糖及白砂糖制品、绵白糖、红糖、冰片糖
冰片糖,11.01.01,白砂糖及白砂糖制品、绵白糖、红糖、冰片糖
赤砂糖,11.01.02,赤砂糖、原糖、其他糖和糖浆
原蔗糖,11.01.02,赤砂糖、原糖、其他糖和糖浆
糖浆,11.01.02,赤砂糖、原糖、其他糖和糖浆
粗糖,11.01.02,赤砂糖、原糖、其他糖和糖浆
葡萄糖,11.02,淀粉糖(食用葡萄糖、低聚异麦芽糖、果葡糖浆、麦芽糖、麦芽糊精、葡萄糖浆等)
果葡糖浆,11.02,淀粉糖(食用葡萄糖、低聚异麦芽糖、果葡糖浆、麦芽糖、麦芽糊精、葡萄糖浆等)
麦芽糖浆,11.02,淀粉糖(食用葡萄糖、低聚异麦芽糖、果葡糖浆、麦芽糖、麦芽糊精、葡萄糖浆等)
糊精,11.02,淀粉糖(食用葡萄糖、低聚异麦芽糖、果葡糖浆、麦芽糖、麦芽糊精、葡萄糖浆等)
蜂蜜,11.03,蜂蜜及花粉
蜂产品,11.03,蜂蜜及花粉
花粉胶囊,11.03,蜂蜜及花粉
蜂粮,11.03,蜂蜜及花粉
蜂蜜,11.03.01,蜂蜜
百花蜜,11.03.01,蜂蜜
槐花蜜,11.03.01,蜂蜜
土蜂蜜,11.03.01,蜂蜜
松花粉,11.03.02,花粉
蜂花粉,11.03.02,花粉
花粉片,11.03.02,花粉
天然花粉,11.03.02,花粉
代糖包,11.04,餐桌甜味料
甜味小包,11.04,餐桌甜味料
餐桌用糖,11.04,餐桌甜味料
无糖甜味剂,11.04,餐桌甜味料
糖浆,11.05,调味糖浆
调味糖浆饮料,11.05,调味糖浆
咖啡糖浆,11.05,调味糖浆
水果糖浆,11.05.01,水果调味糖浆
果味糖浆,11.05.01,水果调味糖浆
草莓糖浆,11.05.01,水果调味糖浆
蓝莓糖浆,11.05.01,水果调味糖浆
风味糖浆,11.05.02,其他调味糖浆
巧克力糖浆,11.05.02,其他调味糖浆
焦糖糖浆,11.05.02,其他调味糖浆
薄荷糖浆,11.05.02,其他调味糖浆
甜味剂,11.06,其他甜味料
代糖,11.06,其他甜味料
蜂蜜替代品,11.06,其他甜味料
无糖甜料,11.06,其他甜味料
调味料,12.0,调味品
调味酱,12.0,调味品
厨房调料,12.0,调味品
复合调味品,12.0,调味品
低钠盐,12.01,盐及代盐制品
盐替代品,12.01,盐及代盐制品
健康盐,12.01,盐及代盐制品
代盐,12.01,盐及代盐制品
味精,12.02,鲜味剂和助鲜剂
鸡精,12.02,鲜味剂和助鲜剂
增鲜剂,12.02,鲜味剂和助鲜剂
提鲜粉,12.02,鲜味剂和助鲜剂
陈醋,12.03,食醋
米醋,12.03,食醋
白醋,12.03,食醋
香醋,12.03,食醋
生抽,12.04,酱油
老抽,12.04,酱油
酱油膏,12.04,酱油
酿造酱油,12.04,酱油
豆瓣酱,12.05,酿造酱
黄豆酱,12.05,酿造酱
甜面酱,12.05,酿造酱
大酱,12.05,酿造酱
料酒,12.06,—
烹饪酒,12.06,—
黄酒（用于调味）,12.06,—
料酒,12.07,料酒及制品
调味料酒,12.07,料酒及制品
烹饪黄酒,12.07,料酒及制品
花雕酒（市售调味型）,12.07,料酒及制品
醋基调味液,12.08,—
风味醋饮料,12.08,—
调味醋饮品,12.08,—
香辛料,12.09,香辛料类
调味香料,12.09,香辛料类
厨房香料,12.09,香辛料类
五香粉原料,12.09,香辛料类
五香粉,12.09.01,香辛料及粉
花椒粉,12.09.01,香辛料及粉
辣椒粉,12.09.01,香辛料及粉
咖喱粉,12.09.01,香辛料及粉
花椒油,12.09.02,香辛料油
辣椒油,12.09.02,香辛料油
芥末油,12.09.02,香辛料油
姜油,12.09.02,香辛料油
芥末酱,12.09.03,香辛料酱(如芥末酱、青芥酱)
青芥辣酱,12.09.03,香辛料酱(如芥末酱、青芥酱)
辣根酱,12.09.03,香辛料酱(如芥末酱、青芥酱)
山葵酱（仿制）,12.09.03,香辛料酱(如芥末酱、青芥酱)
香料膏,12.09.04,其他香辛料加工品
香料提取物,12.09.04,其他香辛料加工品
浓缩香辛料,12.09.04,其他香辛料加工品
调味香精（天然类）,12.09.04,其他香辛料加工品
复合调味料,12.10,复合调味料
鸡精,12.10,复合调味料
味精混合调料,12.10,复合调味料
高汤粉,12.10,复合调味料
鸡精,12.10.01,固体复合调味料
火锅底料粉,12.10.01,固体复合调味料
炖肉料包,12.10.01,固体复合调味料
方便面调味粉,12.10.01,固体复合调味料
方便面调料包,12.10.01.01,固体汤料
速溶汤料,12.10.01.01,固体汤料
即食汤粉,12.10.01.01,固体汤料
味精调味料,12.10.01.01,固体汤料
鸡精调味料,12.10.01.02,鸡精、鸡粉
鸡粉调味品,12.10.01.02,鸡精、鸡粉
鸡味精,12.10.01.02,鸡精、鸡粉
浓汤宝鸡粉,12.10.01.02,鸡精、鸡粉
五香粉,12.10.01.03,其他固体复合调味料
咖喱粉,12.10.01.03,其他固体复合调味料
火锅底料粉,12.10.01.03,其他固体复合调味料
炖肉料包,12.10.01.03,其他固体复合调味料
沙拉酱,12.10.02,半固体复合调味料
辣椒酱,12.10.02,半固体复合调味料
豆瓣酱,12.10.02,半固体复合调味料
蒜蓉酱,12.10.02,半固体复合调味料
蛋黄酱,12.10.02.01,蛋黄酱、沙拉酱
沙拉酱,12.10.02.01,蛋黄酱、沙拉酱
美乃滋,12.10.02.01,蛋黄酱、沙拉酱
千岛酱,12.10.02.01,蛋黄酱、沙拉酱
甜面酱,12.10.02.02,调味酱
黄豆酱,12.10.02.02,调味酱
海鲜酱,12.10.02.02,调味酱
花生酱,12.10.02.02,调味酱
芝麻酱,12.10.02.04,其他半固体复合调味料
香菇酱,12.10.02.04,其他半固体复合调味料
牛肉酱,12.10.02.04,其他半固体复合调味料
辣酱,12.10.02.04,其他半固体复合调味料
调味汁,12.10.03,液体复合调味料
高汤浓缩液,12.10.03,液体复合调味料
液体调味料,12.10.03,液体复合调味料
烹饪酱汁,12.10.03,液体复合调味料
浓缩鸡汤,12.10.03.01,浓缩汤
高汤原液,12.10.03.01,浓缩汤
汤底浓缩液,12.10.03.01,浓缩汤
即煮汤汁,12.10.03.01,浓缩汤
肉汤,12.10.03.02,肉汤、骨汤
骨汤,12.10.03.02,肉汤、骨汤
高汤,12.10.03.02,肉汤、骨汤
老火汤,12.10.03.02,肉汤、骨汤
调味汁,12.10.03.03,调味汁
酱汁,12.10.03.03,调味汁
浇头汁,12.10.03.03,调味汁
拌饭酱汁,12.10.03.03,调味汁
蚝油,12.10.03.04,蚝油、虾油、鱼露等
虾油,12.10.03.04,蚝油、虾油、鱼露等
鱼露,12.10.03.04,蚝油、虾油、鱼露等
海鲜酱油,12.10.03.04,蚝油、虾油、鱼露等
复合调味液,12.10.03.05,其他液体复合调味料
液体调味料,12.10.03.05,其他液体复合调味料
风味酱汁,12.10.03.05,其他液体复合调味料
调味原液,12.10.03.05,其他液体复合调味料
调味品,12.11,其他调味品
复合调料,12.11,其他调味品
调味酱料,12.11,其他调味品
风味调味料,12.11,其他调味品
特殊膳食食品,13.0,特殊膳食用食品
营养强化食品,13.0,特殊膳食用食品
医用食品,13.0,特殊膳食用食品
特殊人群食品,13.0,特殊膳食用食品
婴幼儿奶粉,13.01,婴幼儿配方食品
婴儿奶粉,13.01,婴幼儿配方食品
幼儿配方粉,13.01,婴幼儿配方食品
宝宝配方奶,13.01,婴幼儿配方食品
婴儿奶粉,13.01.01,婴儿配方食品
0段奶粉,13.01.01,婴儿配方食品
新生儿奶粉,13.01.01,婴儿配方食品
初生婴儿配方奶,13.01.01,婴儿配方食品
1段奶粉,13.01.02,较大婴儿和幼儿配方食品
较大婴儿奶粉,13.01.02,较大婴儿和幼儿配方食品
幼儿奶粉,13.01.02,较大婴儿和幼儿配方食品
1岁以上配方奶,13.01.02,较大婴儿和幼儿配方食品
特医婴儿奶粉,13.01.03,特殊医学用途婴儿配方食品
特殊医学用途奶粉,13.01.03,特殊医学用途婴儿配方食品
代谢病奶粉,13.01.03,特殊医学用途婴儿配方食品
深度水解配方奶,13.01.03,特殊医学用途婴儿配方食品
婴幼儿辅食,13.02,婴幼儿辅助食品
宝宝辅食,13.02,婴幼儿辅助食品
婴儿辅食,13.02,婴幼儿辅助食品
婴儿米粉,13.02.01,婴幼儿谷类辅助食品
宝宝米糊,13.02.01,婴幼儿谷类辅助食品
婴幼儿谷物粉,13.02.01,婴幼儿谷类辅助食品
婴儿果泥,13.02.02,婴幼儿罐装辅助食品
宝宝肉泥,13.02.02,婴幼儿罐装辅助食品
婴幼儿罐装泥,13.02.02,婴幼儿罐装辅助食品
特殊医学用途食品,13.03,其他特殊膳食用食品
特医食品,13.03,其他特殊膳食用食品
营养强化食品,13.03,其他特殊膳食用食品
饮料,14.0,饮料类
饮品,14.0,饮料类
软饮料,14.0,饮料类
瓶装水,14.01,包装饮用水
饮用水,14.01,包装饮用水
市售净水,14.01,包装饮用水
天然矿泉水,14.01.01,饮用天然矿泉水
矿泉水,14.01.01,饮用天然矿泉水
含矿物质水,14.01.01,饮用天然矿泉水
纯净水,14.01.02,饮用纯净水
蒸馏水,14.01.02,饮用纯净水
太空水,14.01.02,饮用纯净水
苏打水,14.01.03,其他类饮用水
富氧水,14.01.03,其他类饮用水
功能水,14.01.03,其他类饮用水
果汁饮料,14.02,果蔬汁类及其饮料
果蔬汁,14.02,果蔬汁类及其饮料
果泥饮,14.02,果蔬汁类及其饮料
鲜榨果汁,14.02.01,果蔬汁(浆)
纯果蔬汁,14.02.01,果蔬汁(浆)
原榨果汁,14.02.01,果蔬汁(浆)
浓缩果汁,14.02.02,浓缩果蔬汁(浆)
浓缩蔬菜汁,14.02.02,浓缩果蔬汁(浆)
还原果蔬汁,14.02.02,浓缩果蔬汁(浆)
果汁饮料,14.02.03,果蔬汁(浆)类饮料
果味饮料,14.02.03,果蔬汁(浆)类饮料
复合果蔬汁饮料,14.02.03,果蔬汁(浆)类饮料
蛋白饮料,14.03,蛋白饮料
高蛋白饮品,14.03,蛋白饮料
营养蛋白饮,14.03,蛋白饮料
含乳饮料,14.03.01,含乳饮料
奶味饮料,14.03.01,含乳饮料
乳饮品,14.03.01,含乳饮料
发酵乳饮料,14.03.01.01,发酵型含乳饮料
活菌奶饮,14.03.01.01,发酵型含乳饮料
酸奶饮料,14.03.01.01,发酵型含乳饮料
调制乳饮料,14.03.01.02,配制型含乳饮料
风味牛奶,14.03.01.02,配制型含乳饮料
营养快线类饮料,14.03.01.02,配制型含乳饮料
乳酸菌饮品,14.03.01.03,乳酸菌饮料
益生菌饮料,14.03.01.03,乳酸菌饮料
养乐多类饮料,14.03.01.03,乳酸菌饮料
植物奶,14.03.02,植物蛋白饮料
豆奶,14.03.02,植物蛋白饮料
杏仁露,14.03.02,植物蛋白饮料
椰子汁饮料,14.03.02,植物蛋白饮料
混合蛋白饮料,14.03.03,复合蛋白饮料
复合奶,14.03.03,复合蛋白饮料
多蛋白饮品,14.03.03,复合蛋白饮料
蛋白饮料,14.03.04,其他蛋白饮料
植物蛋白饮料,14.03.04,其他蛋白饮料
杏仁露,14.03.04,其他蛋白饮料
椰汁,14.03.04,其他蛋白饮料
碳酸饮料,14.04,碳酸饮料
汽水,14.04,碳酸饮料
苏打水,14.04,碳酸饮料
含气饮料,14.04,碳酸饮料
可乐,14.04.01,可乐型碳酸饮料
可口可乐,14.04.01,可乐型碳酸饮料
百事可乐,14.04.01,可乐型碳酸饮料
 cola饮料,14.04.01,可乐型碳酸饮料
果味汽水,14.04.02,其他型碳酸饮料
柠檬味汽水,14.04.02,其他型碳酸饮料
雪碧,14.04.02,其他型碳酸饮料
芬达,14.04.02,其他型碳酸饮料
茶饮料,14.05,茶、咖啡、植物(类)饮料
咖啡饮料,14.05,茶、咖啡、植物(类)饮料
草本饮料,14.05,茶、咖啡、植物(类)饮料
凉茶,14.05,茶、咖啡、植物(类)饮料
瓶装茶,14.05.01,茶(类)饮料
冰红茶,14.05.01,茶(类)饮料
绿茶饮料,14.05.01,茶(类)饮料
康师傅绿茶,14.05.01,茶(类)饮料
即饮咖啡,14.05.02,咖啡(类)饮料
罐装咖啡,14.05.02,咖啡(类)饮料
雀巢咖啡,14.05.02,咖啡(类)饮料
星巴克即饮,14.05.02,咖啡(类)饮料
植物饮料,14.05.03,植物饮料
凉茶饮料,14.05.03,植物饮料
王老吉,14.05.03,植物饮料
加多宝,14.05.03,植物饮料
固体饮料,14.06,固体饮料
速溶饮品,14.06,固体饮料
奶茶粉,14.06,固体饮料
果味粉,14.06,固体饮料
速溶咖啡,14.06.01,—
三合一咖啡,14.06.01,—
咖啡粉,14.06.01,—
即溶咖啡,14.06.01,—
蛋白粉饮料,14.06.02,蛋白固体饮料
蛋白饮冲剂,14.06.02,蛋白固体饮料
代餐蛋白粉,14.06.02,蛋白固体饮料
速溶咖啡粉,14.06.03,速溶咖啡
即溶咖啡,14.06.03,速溶咖啡
三合一咖啡,14.06.03,速溶咖啡
固体饮料粉,14.06.04,其他固体饮料
果味固体饮料,14.06.04,其他固体饮料
冲调饮品,14.06.04,其他固体饮料
运动饮料,14.07,特殊用途饮料
能量饮料,14.07,特殊用途饮料
保健饮料,14.07,特殊用途饮料
风味水,14.08,风味饮料
调味饮料,14.08,风味饮料
果味饮料,14.08,风味饮料
混合饮料,14.09,其他类饮料
新式饮料,14.09,其他类饮料
创意饮料,14.09,其他类饮料
酒,15.0,酒类
 alcoholic drinks,15.0,酒类
饮用酒,15.0,酒类
烈酒,15.01,蒸馏酒
烧酒,15.01,蒸馏酒
蒸馏烈酒,15.01,蒸馏酒
白酒,15.01.01,白酒
二锅头,15.01.01,白酒
高粱酒,15.01.01,白酒
香料白酒,15.01.02,调香蒸馏酒
调味烈酒,15.01.02,调香蒸馏酒
加香酒,15.01.02,调香蒸馏酒
干邑,15.01.03,白兰地
白兰地酒,15.01.03,白兰地
XO,15.01.03,白兰地
威士忌酒,15.01.04,威士忌
苏格兰威士忌,15.01.04,威士忌
波本威士忌,15.01.04,威士忌
伏特加酒,15.01.05,伏特加
俄得克,15.01.05,伏特加
格瓦斯酒（蒸馏型）,15.01.05,伏特加
朗姆酒酒,15.01.06,朗姆酒
兰姆酒,15.01.06,朗姆酒
甘蔗酒,15.01.06,朗姆酒
白酒,15.01.07,其他蒸馏酒
烈酒,15.01.07,其他蒸馏酒
蒸馏酒类,15.01.07,其他蒸馏酒
白干酒,15.01.07,其他蒸馏酒
药酒,15.02,配制酒
保健酒,15.02,配制酒
露酒,15.02,配制酒
调配酒,15.02,配制酒
酿造酒,15.03,发酵酒
低度酒,15.03,发酵酒
发酵酒类,15.03,发酵酒
红酒,15.03.01,葡萄酒
红葡萄酒,15.03.01,葡萄酒
干红,15.03.01,葡萄酒
白葡萄酒,15.03.01,葡萄酒
干红葡萄酒,15.03.01.01,无汽葡萄酒
静态葡萄酒,15.03.01.01,无汽葡萄酒
普通葡萄酒,15.03.01.01,无汽葡萄酒
香槟,15.03.01.02,起泡葡萄酒
起泡酒,15.03.01.02,起泡葡萄酒
气泡葡萄酒,15.03.01.02,起泡葡萄酒
加香葡萄酒,15.03.01.03,调香葡萄酒
风味葡萄酒,15.03.01.03,调香葡萄酒
玫瑰露酒,15.03.01.03,调香葡萄酒
加强葡萄酒,15.03.01.04,"特种葡萄酒(按特殊工艺加工制作的葡萄酒,如在葡萄原酒中加入白兰地、浓缩葡萄汁等)"
波特酒,15.03.01.04,"特种葡萄酒(按特殊工艺加工制作的葡萄酒,如在葡萄原酒中加入白兰地、浓缩葡萄汁等)"
雪莉酒,15.03.01.04,"特种葡萄酒(按特殊工艺加工制作的葡萄酒,如在葡萄原酒中加入白兰地、浓缩葡萄汁等)"
XO葡萄酒,15.03.01.04,"特种葡萄酒(按特殊工艺加工制作的葡萄酒,如在葡萄原酒中加入白兰地、浓缩葡萄汁等)"
绍兴酒,15.03.02,黄酒
花雕酒,15.03.02,黄酒
老酒,15.03.02,黄酒
糯米酒,15.03.02,黄酒
水果酒,15.03.03,果酒
梅子酒,15.03.03,果酒
杨梅酒,15.03.03,果酒
桑葚酒,15.03.03,果酒
蜜酒,15.03.04,蜂蜜酒
蜂酒,15.03.04,蜂蜜酒
蜂蜜发酵酒,15.03.04,蜂蜜酒
啤酒,15.03.05,啤酒和麦芽饮料
生啤,15.03.05,啤酒和麦芽饮料
黑啤,15.03.05,啤酒和麦芽饮料
麦芽啤酒,15.03.05,啤酒和麦芽饮料
气泡果酒,15.03.06,其他发酵酒类(充气型)
起泡果酒,15.03.06,其他发酵酒类(充气型)
充气发酵酒,15.03.06,其他发酵酒类(充气型)
其他食品,16.0,其他类(01.0~15.0除外)
非类别食品,16.0,其他类(01.0~15.0除外)
杂类食品,16.0,其他类(01.0~15.0除外)
布丁,16.01,果冻
果味冻,16.01,果冻
QQ糖,16.01,果冻
果粒爽,16.01,果冻
茶饮料,16.02,茶叶、咖啡和茶制品
速溶咖啡,16.02,茶叶、咖啡和茶制品
奶茶粉,16.02,茶叶、咖啡和茶制品
茶叶包,16.02,茶叶、咖啡和茶制品
茶叶,16.02.01,茶叶、咖啡
咖啡豆,16.02.01,茶叶、咖啡
速溶咖啡,16.02.01,茶叶、咖啡
红茶,16.02.01,茶叶、咖啡
袋泡茶,16.02.02,茶制品(包括调味茶和代用茶)
凉茶,16.02.02,茶制品(包括调味茶和代用茶)
花果茶,16.02.02,茶制品(包括调味茶和代用茶)
养生茶,16.02.02,茶制品(包括调味茶和代用茶)
肠衣,16.03,胶原蛋白肠衣
胶原肠衣,16.03,胶原蛋白肠衣
人造肠衣,16.03,胶原蛋白肠衣
火腿肠衣,16.03,胶原蛋白肠衣
酵母,16.04,酵母及酵母类制品
食用酵母,16.04,酵母及酵母类制品
发酵酵母,16.04,酵母及酵母类制品
营养酵母,16.04,酵母及酵母类制品
干酵母粉,16.04.01,干酵母
面包酵母,16.04.01,干酵母
活性干酵母,16.04.01,干酵母
发面酵母,16.04.01,干酵母
酵母提取物,16.04.02,其他酵母及酵母类制品
酵母膏,16.04.02,其他酵母及酵母类制品
酵母调味料,16.04.02,其他酵母及酵母类制品
酵母片,16.04.02,其他酵母及酵母类制品
食品菌种,16.05,食品加工用菌种制剂(16.04除外)
益生菌制剂,16.05,食品加工用菌种制剂(16.04除外)
发酵菌剂,16.05,食品加工用菌种制剂(16.04除外)
工业用菌种,16.05,食品加工用菌种制剂(16.04除外)
膨化零食,16.06,膨化食品
薯片,16.06,膨化食品
虾条,16.06,膨化食品
爆米花,16.06,膨化食品
其他食品,16.07,其他
非标食品,16.07,其他
特殊加工食品,16.07,其他
新型食品,16.07,其他
